fold,clf,accuracy,precision,recall,specificity,F1,roc_auc
0,"KNeighborsClassifier(metric='euclidean', n_neighbors=9)",0.7605177993527508,0.7531645569620253,0.7727272727272727,0.7483870967741936,0.7628205128205128,0.8426686217008799
1,"KNeighborsClassifier(metric='euclidean', n_neighbors=21)",0.7831715210355987,0.8222222222222222,0.7207792207792207,0.8451612903225807,0.7681660899653979,0.8560326770004189
2,"KNeighborsClassifier(metric='manhattan', n_neighbors=21)",0.7572815533980582,0.7941176470588235,0.6967741935483871,0.8181818181818182,0.7422680412371134,0.8126937578550483
3,"KNeighborsClassifier(metric='manhattan', n_neighbors=9)",0.8090614886731392,0.8380281690140845,0.7677419354838709,0.8506493506493507,0.8013468013468014,0.8751361541684123
4,"KNeighborsClassifier(metric='euclidean', n_neighbors=11)",0.7467532467532467,0.75,0.7402597402597403,0.7532467532467533,0.7450980392156863,0.8268257716309664
