fold,clf,accuracy,precision,recall,specificity,F1,roc_auc
0,"KNeighborsClassifier(metric='euclidean', n_neighbors=7)",0.782904884318766,0.06217912150598973,0.7077922077922078,0.7844217151848938,0.11431567907708443,0.8173430948804671
1,"KNeighborsClassifier(metric='euclidean', n_neighbors=11)",0.8075835475578406,0.0670535138620245,0.6753246753246753,0.8102543928665094,0.1219941348973607,0.7954728526128998
2,"KNeighborsClassifier(metric='euclidean', n_neighbors=11)",0.7917737789203085,0.07284382284382285,0.8116883116883117,0.7913716233936533,0.13368983957219252,0.8509609980892436
3,"KNeighborsClassifier(metric='euclidean', n_neighbors=11)",0.8115681233933162,0.0695994747209455,0.6838709677419355,0.8141639344262295,0.1263408820023838,0.8303670015864622
4,"KNeighborsClassifier(metric='manhattan', n_neighbors=11)",0.8269922879177378,0.0767590618336887,0.6967741935483871,0.8296393442622951,0.1382842509603073,0.8366269698572184
