fold,clf,accuracy,precision,recall,specificity,F1,roc_auc
0,"KNeighborsClassifier(metric='euclidean', n_neighbors=11)",0.7806169665809769,0.06383456956619465,0.7357512953367875,0.7815253881661771,0.11747673216132368,0.8196468427049111
1,"KNeighborsClassifier(metric='manhattan', n_neighbors=13, weights='distance')",0.8204113110539846,0.07286224910640637,0.6865284974093264,0.8231221149811162,0.13174248073576933,0.8233036686894866
